{"cameraMode":{"drawMode":0,"name":"Shaded","section":"Shading Mode"},"sceneLighting":false,"audioPlay":false,"sceneViewState":{"m_AlwaysRefresh":false,"showFog":true,"showSkybox":false,"showFlares":true,"showImageEffects":true,"showParticleSystems":true,"showVisualEffectGraphs":true,"m_FxEnabled":true},"in2DMode":false,"pivot":{"x":60.09025955200195,"y":14.876999855041504,"z":25.285999298095704},"rotation":{"x":-0.24693025648593903,"y":0.7483500838279724,"z":-0.38422274589538576,"w":-0.48103463649749758},"size":0.7732047438621521,"orthographic":false}