{"cameraMode":{"drawMode":0,"name":"Shaded","section":"Shading Mode"},"sceneLighting":false,"audioPlay":false,"sceneViewState":{"m_AlwaysRefresh":false,"showFog":true,"showSkybox":false,"showFlares":true,"showImageEffects":true,"showParticleSystems":true,"showVisualEffectGraphs":true,"m_FxEnabled":true},"in2DMode":false,"pivot":{"x":-0.6759964227676392,"y":8.965083122253418,"z":17.865467071533204},"rotation":{"x":0.06756587326526642,"y":0.8251251578330994,"z":-0.10099241137504578,"w":0.5517552495002747},"size":1.0071240663528443,"orthographic":false}