{"cameraMode":{"drawMode":0,"name":"Shaded","section":"Shading Mode"},"sceneLighting":true,"audioPlay":false,"sceneViewState":{"m_AlwaysRefresh":false,"showFog":true,"showSkybox":true,"showFlares":true,"showImageEffects":true,"showParticleSystems":true,"showVisualEffectGraphs":true,"m_FxEnabled":true},"in2DMode":false,"pivot":{"x":59.17720031738281,"y":13.643253326416016,"z":21.747880935668947},"rotation":{"x":0.11350001394748688,"y":0.8250800371170044,"z":-0.1786995679140091,"w":0.5238796472549439},"size":2.5920722484588625,"orthographic":false}