{"cameraMode":{"drawMode":0,"name":"Shaded","section":"Shading Mode"},"sceneLighting":true,"audioPlay":false,"sceneViewState":{"m_AlwaysRefresh":false,"showFog":true,"showSkybox":true,"showFlares":true,"showImageEffects":true,"showParticleSystems":true,"showVisualEffectGraphs":true,"m_FxEnabled":true},"in2DMode":false,"pivot":{"x":63.24009704589844,"y":14.520341873168946,"z":20.332313537597658},"rotation":{"x":0.15252861380577088,"y":0.7642604112625122,"z":-0.19578871130943299,"w":0.5952532291412354},"size":3.678800582885742,"orthographic":false}