{"cameraMode":{"drawMode":0,"name":"Shaded","section":"Shading Mode"},"sceneLighting":true,"audioPlay":false,"sceneViewState":{"m_AlwaysRefresh":false,"showFog":true,"showSkybox":true,"showFlares":true,"showImageEffects":true,"showParticleSystems":true,"showVisualEffectGraphs":true,"m_FxEnabled":true},"in2DMode":false,"pivot":{"x":-0.8037195205688477,"y":-1.9561972618103028,"z":-0.27820825576782229},"rotation":{"x":0.2881892919540405,"y":-0.1440727561712265,"z":0.043906502425670627,"w":0.9456555247306824},"size":6.6534013748168949,"orthographic":false}