{"cameraMode":{"drawMode":0,"name":"Shaded","section":"Shading Mode"},"sceneLighting":true,"audioPlay":false,"sceneViewState":{"m_AlwaysRefresh":false,"showFog":true,"showSkybox":true,"showFlares":true,"showImageEffects":true,"showParticleSystems":true,"showVisualEffectGraphs":true,"m_FxEnabled":true},"in2DMode":false,"pivot":{"x":-0.9088218212127686,"y":1.733297348022461,"z":-0.47284793853759768},"rotation":{"x":0.23146021366119386,"y":0.24890530109405518,"z":-0.061381448060274127,"w":0.9384649991989136},"size":4.698107719421387,"orthographic":false}